Scenario,Success,R2,Successful_Subjects,Total_Subjects,Covariates_Detected,CL_bias,V_bias,Ka_bias,V1_bias,Q_bias,V2_bias
onecomp,True,0.9846181940476285,20,20,2,-9.630537131970538,-1.2253461849269627,,,,
onecomp_abs,True,0.986683903587328,20,20,3,3.337231610674056,-2.558712009664333,0.6837508600684661,,,
twocomp,True,0.992144364021652,20,20,3,13.212763806890582,,,1.8656063552444615,8.015482438712276,-0.810571739329518
twocomp_abs,True,0.9856230468956717,20,20,2,-11.790783281908084,,-7.748343549545056,-10.66545167032365,5.451627548376798,9.629838718957998
